,country,success_ratio,failure_ratio
0,Austria,0.6551724137931034,0.3448275862068966
1,England,0.7837837837837838,0.21621621621621623
2,France,0.7042682926829268,0.29573170731707316
3,Germany,0.6948228882833788,0.30517711171662126
4,Italy,0.6020942408376964,0.39790575916230364
5,Russia,0.7246376811594203,0.2753623188405797
6,Turkey,0.7876543209876543,0.2123456790123457
